Workbook

Sheet AS03-MP01
A1: RBPR-2425-030-AS03-MP01.SLDDRW
A2: Raw Material cost (Mild steel)
A3: Sno | B3: Descriptions | C3: Usage | D3: Volume | E3: Weight in kg | F3: Rate per kg | G3: Final Cost
A4: 1 | B4: Raw Material | C4: 800*750*40 | D4: - | E4: 188 | F4: 75 | G4: =E4*F4 -> 14100
A6: Machining Cost
A7: Sno | B7: Descriptions | C7: Total setups | D7: setup cost | E7: Machining hours | F7: Machining Rate/hr | G7: Final Cost
A8: 1 | B8: Cnc Machining 3axis | C8: 2 | D8: 1500 | E8: 48 | F8: 400 | G8: =F8*E8+D8 -> 20700
A9: 2 | B9: Grinding | C9: 2 | D9: 1500 | E9: 12 | F9: 500 | G9: =F9*E9+D9 -> 7500
A11: Post Processing Cost
A12: Sno | B12: Descriptions | C12: - | F12: Rate | G12: Final Cost
A13: 1 | B13: Tapping M20*2.5mm | C13: - | F13: 5000 | G13: =F13 -> 5000
A14: 2 | B14: Electroless Nickel Plating | C14: - | F14: 5000 | G14: =F14 -> 5000
A15: 3 | B15: Sandblasting | C15: - | F15: 3000 | G15: =F15 -> 3000
A17: Inspection
A18: Sno | B18: Descriptions | C18: Total Setups | D18: Setup Cost | E18: Inspection Hours | F18: Rate/hr | G18: Final Cost
A19: 1 | B19: CMM Inspection | C19: 1 | D19: 1000 | E19: 2 | F19: 1000 | G19: =F19*E19+D19 -> 3000
A20: 2 | B20: Manual Inspection | C20: - | D20: - | E20: - | F20: 500 | G20: 500
A22: Logistics and packaging
A23: Sno. | B23: Descriptions | C23: Comments | F23: Rate | G23: Final cost
A24: 1 | B24: Packaging | C24: Wooden box with foams and bubble wrap | F24: 3000 | G24: 3000
A25: 2 | B25: Logistics | C25: By train | F25: 3000 | G25: 3000
A27: Any Other Cost
A28: Sno. | B28: Descriptions | C28: Comments | F28: Rate | G28: Final cost
A29: 1 | F29: 0 | G29: 0
A31: Grand Total | G31: =G4+G8+G9+G13+G14+G15+G19+G20+G24+G25+G29 -> 64800

Sheet AS01
A1: RBPR-2425-030-AS01-MP01.SLDDRW
A2: Raw Material cost (Mild steel)
A3: Sno | B3: Descriptions | C3: Usage | D3: Volume | E3: Weight in kg | F3: Rate per kg | G3: Final Cost
A4: 1 | B4: Raw Material | C4: Dia150*50mm | D4: - | E4: 4 | F4: 75 | G4: =E4*F4 -> 300
A6: Machining Cost
A7: Sno | B7: Descriptions | C7: Total setups | D7: setup cost | E7: Machining hours | F7: Machining Rate/hr | G7: Final Cost
A8: 1 | B8: Cnc Machining 3axis | C8: 2 | D8: 1500 | E8: 10 | F8: 400 | G8: =F8*E8+D8 -> 5500
A9: 2 | B9: Cnc Turning | C9: 2 | D9: 1500 | E9: 4 | F9: 400 | G9: =F9*E9+D9 -> 3100
A10: 3 | B10: Grinding | C10: 1 | D10: 750 | E10: 3 | F10: 500 | G10: =F10*E10+D10 -> 2250
A12: Post Processing Cost
A13: Sno | B13: Descriptions | C13: - | F13: Rate | G13: Final Cost
A14: 1 | B14: Tapping M6 | C14: - | F14: 2000 | G14: =F14 -> 2000
A15: 2 | B15: Electroless Nickel Plating | C15: - | F15: 1000 | G15: =F15 -> 1000
A16: 3 | B16: Sandblasting | C16: - | F16: 1000 | G16: =F16 -> 1000
A18: Inspection
A19: Sno | B19: Descriptions | C19: Total Setups | D19: Setup Cost | E19: Inspection Hours | F19: Rate/hr | G19: Final Cost
A20: 1 | B20: CMM Inspection | C20: 1 | D20: 1000 | E20: 2 | F20: 1000 | G20: =F20*E20+D20 -> 3000
A21: 2 | B21: Manual Inspection | C21: - | D21: - | E21: - | F21: 500 | G21: 500
A23: Logistics and packaging
A24: Sno. | B24: Descriptions | C24: Comments | F24: Rate | G24: Final cost
A25: 1 | B25: Packaging | C25: Wooden box with foams and bubble wrap | F25: 500 | G25: 500
A26: 2 | B26: Logistics | C26: - | F26: 500 | G26: 500
A28: Any Other Cost
A29: Sno. | B29: Descriptions | C29: Comments | F29: Rate | G29: Final cost
A30: 1 | B30: Reamer dia 8 | F30: 1500 | G30: 1500
A32: Grand Total | G32: =G4+G8+G9+G14+G15+G16+G20+G21+G25+G26+G30+G10 -> 21150
A36: RBPR-2425-030-AS01-MP04.SLDDRW
A37: Raw Material cost (Mild steel)
A38: Sno | B38: Descriptions | C38: Usage | D38: Volume | E38: Weight in kg | F38: Rate per kg | G38: Final Cost
A39: 1 | B39: Raw Material | C39: 110*110*35mm | D39: - | E39: 8 | F39: 75 | G39: =E39*F39 -> 600
A41: Machining Cost
A42: Sno | B42: Descriptions | C42: Total setups | D42: setup cost | E42: Machining hours | F42: Machining Rate/hr | G42: Final Cost
A43: 1 | B43: Cnc Machining 3axis | C43: 2 | D43: 1500 | E43: 10 | F43: 400 | G43: =F43*E43+D43 -> 5500
A44: 2 | B44: Grinding | C44: 2 | D44: 750 | E44: 3 | F44: 500 | G44: =F44*E44+D44 -> 2250
A46: Post Processing Cost
A47: Sno | B47: Descriptions | C47: - | F47: Rate | G47: Final Cost
A48: 1 | B48: Tapping M8 | C48: - | F48: 2000 | G48: =F48 -> 2000
A49: 2 | B49: Electroless Nickel Plating | C49: - | F49: 1000 | G49: =F49 -> 1000
A50: 3 | B50: Sandblasting | C50: - | F50: 1000 | G50: =F50 -> 1000
A52: Inspection
A53: Sno | B53: Descriptions | C53: Total Setups | D53: Setup Cost | E53: Inspection Hours | F53: Rate/hr | G53: Final Cost
A54: 1 | B54: CMM Inspection | C54: 1 | D54: 1000 | E54: 2 | F54: 1000 | G54: =F54*E54+D54 -> 3000
A55: 2 | B55: Manual Inspection | C55: - | D55: - | E55: - | F55: 500 | G55: 500
A57: Logistics and packaging
A58: Sno. | B58: Descriptions | C58: Comments | F58: Rate | G58: Final cost
A59: 1 | B59: Packaging | C59: Wooden box with foams and bubble wrap | F59: 500 | G59: 500
A60: 2 | B60: Logistics | C60: - | F60: 500 | G60: 500
A62: Any Other Cost
A63: Sno. | B63: Descriptions | C63: Comments | F63: Rate | G63: Final cost
A64: 1 | F64: 0 | G64: 0
A66: Grand Total | G66: =G39+G43+G48+G49+G50+G54+G55+G59+G60+G64+G44 -> 16850
A70: RBPR-2425-030-AS01-MP06.SLDDRW
A71: Raw Material cost (Mild steel)
A72: Sno | B72: Descriptions | C72: Usage | D72: Volume | E72: Weight in kg | F72: Rate per kg | G72: Final Cost
A73: 1 | B73: Raw Material | C73: dia100*200 mm | D73: - | E73: 12 | F73: 75 | G73: =E73*F73 -> 900
A75: Machining Cost
A76: Sno | B76: Descriptions | C76: Total setups | D76: setup cost | E76: Machining hours | F76: Machining Rate/hr | G76: Final Cost
A77: 1 | B77: Cnc Machining 3axis | C77: 2 | D77: 1500 | E77: 5 | F77: 400 | G77: =F77*E77+D77 -> 3500
A78: 2 | B78: Grinding | C78: 1 | D78: 375 | E78: 2 | F78: 500 | G78: =F78*E78+D78 -> 1375
A79: 3 | B79: CNC Turning | C79: 1 | D79: 750 | E79: 3 | F79: 400 | G79: =F79*E79+D79 -> 1950
A81: Post Processing Cost
A82: Sno | B82: Descriptions | C82: - | F82: Rate | G82: Final Cost
A83: 1 | B83: Tapping M10 | C83: - | F83: 2000 | G83: =F83 -> 2000
A84: 2 | B84: Electroless Nickel Plating | C84: - | F84: 1000 | G84: =F84 -> 1000
A85: 3 | B85: Sandblasting | C85: - | F85: 1000 | G85: =F85 -> 1000
A87: Inspection
A88: Sno | B88: Descriptions | C88: Total Setups | D88: Setup Cost | E88: Inspection Hours | F88: Rate/hr | G88: Final Cost
A89: 1 | B89: Manual Inspection | C89: - | D89: - | E89: - | F89: 500 | G89: 500
A91: Logistics and packaging
A92: Sno. | B92: Descriptions | C92: Comments | F92: Rate | G92: Final cost
A93: 1 | B93: Packaging | C93: Wooden box with foams and bubble wrap | F93: 500 | G93: 500
A94: 2 | B94: Logistics | C94: - | F94: 500 | G94: 500
A96: Any Other Cost
A97: Sno. | B97: Descriptions | C97: Comments | F97: Rate | G97: Final cost
A98: 1 | F98: 0 | G98: 0
A100: Grand Total | G100: =G73+G77+G83+G84+G85+G89+G93+G94+G98+G78+G79 -> 13225
A104: RBPR-2425-030-AS01-MP05.SLDDRW
A105: Raw Material cost (Mild steel)
A106: Sno | B106: Descriptions | C106: Usage | D106: Volume | E106: Weight in kg | F106: Rate per kg | G106: Final Cost
A107: 1 | B107: Raw Material | C107: 100*100*50 mm | D107: - | E107: 4 | F107: 75 | G107: =E107*F107 -> 300
A108: 2 | B108: Rod | C108: Dia 50*450mm | D108: - | E108: 7 | F108: 75 | G108: =F108*E108 -> 525
A110: Machining Cost
A111: Sno | B111: Descriptions | C111: Total setups | D111: setup cost | E111: Machining hours | F111: Machining Rate/hr | G111: Final Cost
A112: 1 | B112: Cnc Machining 3axis | C112: 3 | D112: =750*C112 -> 2250 | E112: 8 | F112: 400 | G112: =F112*E112+D112 -> 5450
A113: 2 | B113: Grinding | C113: 2 | D113: 750 | E113: 2 | F113: 500 | G113: =F113*E113+D113 -> 1750
A114: 3 | B114: CNC Turning | C114: 2 | D114: =750*2 -> 1500 | E114: 8 | F114: 400 | G114: =F114*E114+D114 -> 4700
A116: Post Processing Cost
A117: Sno | B117: Descriptions | C117: - | F117: Rate | G117: Final Cost
A118: 1 | B118: Tapping M16 | C118: - | F118: 3500 | G118: =F118 -> 3500
A119: 2 | B119: Electroless Nickel Plating | C119: - | F119: 2000 | G119: =F119 -> 2000
A120: 3 | B120: Sandblasting | C120: - | F120: 1500 | G120: =F120 -> 1500
A122: Inspection
A123: Sno | B123: Descriptions | C123: Total Setups | D123: Setup Cost | E123: Inspection Hours | F123: Rate/hr | G123: Final Cost
A124: 1 | B124: Manual Inspection | C124: - | D124: - | E124: - | F124: 500 | G124: 500
A125: 2 | B125: CMM Inspection | C125: 1 | D125: 1000 | E125: 1 | F125: 1000 | G125: 2000
A127: Logistics and packaging
A128: Sno. | B128: Descriptions | C128: Comments | F128: Rate | G128: Final cost
A129: 1 | B129: Packaging | C129: Wooden box with foams and bubble wrap | F129: 2000 | G129: 2000
A130: 2 | B130: Logistics | C130: - | F130: 1000 | G130: 1000
A132: Any Other Cost
...

Sheet AS05
A1: RBPR-2425-030-AS05-MP01.SLDDRW
A2: Raw Material cost (Mild steel)
A3: Sno | B3: Descriptions | C3: Usage | D3: Volume | E3: Weight in kg | F3: Rate per kg | G3: Final Cost
A4: 1 | B4: Raw Material | C4: Dia150*50mm | D4: - | E4: 3 | F4: 75 | G4: =E4*F4 -> 225
A6: Machining Cost
A7: Sno | B7: Descriptions | C7: Total setups | D7: setup cost | E7: Machining hours | F7: Machining Rate/hr | G7: Final Cost
A8: 1 | B8: Cnc Machining 3axis | C8: 2 | D8: 1500 | E8: 5 | F8: 400 | G8: =F8*E8+D8 -> 3500
A9: 2 | B9: Cnc Turning | C9: 1 | D9: 750 | E9: 2 | F9: 400 | G9: =F9*E9+D9 -> 1550
A11: Post Processing Cost
A12: Sno | B12: Descriptions | C12: - | F12: Rate | G12: Final Cost
A13: 1 | B13: Tapping M5 | C13: - | F13: 1500 | G13: =F13 -> 1500
A14: 2 | B14: Electroless Nickel Plating | C14: - | F14: 1000 | G14: =F14 -> 1000
A15: 3 | B15: Sandblasting | C15: - | F15: 1000 | G15: =F15 -> 1000
A17: Inspection
A18: Sno | B18: Descriptions | C18: Total Setups | D18: Setup Cost | E18: Inspection Hours | F18: Rate/hr | G18: Final Cost
A19: 1 | B19: Manual Inspection | C19: - | D19: - | E19: - | F19: 500 | G19: 500
A21: Logistics and packaging
A22: Sno. | B22: Descriptions | C22: Comments | F22: Rate | G22: Final cost
A23: 1 | B23: Packaging | C23: Wooden box with foams and bubble wrap | F23: 500 | G23: 500
A24: 2 | B24: Logistics | C24: - | F24: 500 | G24: 500
A26: Any Other Cost
A27: Sno. | B27: Descriptions | C27: Comments | F27: Rate | G27: Final cost
A28: 1 | B28: Reamer dia 5 | F28: 1500 | G28: 1500
A30: Grand Total | G30: =G4+G8+G9+G13+G14+G15+G19+G23+G24+G28 -> 11775
A34: RBPR-2425-030-AS05-MP02.SLDDRW
A35: Raw Material cost (Mild steel)
A36: Sno | B36: Descriptions | C36: Usage | D36: Volume | E36: Weight in kg | F36: Rate per kg | G36: Final Cost
A37: 1 | B37: Raw Material | C37: 200*100*20 | D37: - | E37: 4 | F37: 75 | G37: =E37*F37 -> 300
A39: Machining Cost
A40: Sno | B40: Descriptions | C40: Total setups | D40: setup cost | E40: Machining hours | F40: Machining Rate/hr | G40: Final Cost
A41: 1 | B41: Cnc Machining 3axis | C41: 3 | D41: 2150 | E41: 10 | F41: 400 | G41: =F41*E41+D41 -> 6150
A44: Post Processing Cost
A45: Sno | B45: Descriptions | C45: - | F45: Rate | G45: Final Cost
A46: 1 | B46: Tapping M5 | C46: Considered in previous quote | F46: 0 | G46: =F46 -> 0
A47: 2 | B47: White Anodizing | C47: - | F47: 1000 | G47: =F47 -> 1000
A48: 3
A50: Inspection
A51: Sno | B51: Descriptions | C51: Total Setups | D51: Setup Cost | E51: Inspection Hours | F51: Rate/hr | G51: Final Cost
A52: 1 | B52: Manual Inspection | C52: - | D52: - | E52: - | F52: 500 | G52: 500
A54: Logistics and packaging
A55: Sno. | B55: Descriptions | C55: Comments | F55: Rate | G55: Final cost
A56: 1 | B56: Packaging | C56: Wooden box with foams and bubble wrap | F56: 500 | G56: 500
A57: 2 | B57: Logistics | C57: - | F57: 500 | G57: 500
A59: Any Other Cost
A60: Sno. | B60: Descriptions | C60: Comments | F60: Rate | G60: Final cost
A61: 1 | B61: Reamer dia 5 | C61: Considered in previous quote | F61: 0 | G61: 0
A63: Grand Total | G63: =G37+G41+G42+G46+G47+G48+G52+G56+G57+G61 -> 8950
A67: RBPR-2425-030-AS05-MP03.SLDDRW
A68: Raw Material cost (Mild steel)
A69: Sno | B69: Descriptions | C69: Usage | D69: Volume | E69: Weight in kg | F69: Rate per kg | G69: Final Cost
A70: 1 | B70: Raw Material | C70: 100*100*20 | D70: - | E70: 3 | F70: 75 | G70: =E70*F70 -> 225
A72: Machining Cost
A73: Sno | B73: Descriptions | C73: Total setups | D73: setup cost | E73: Machining hours | F73: Machining Rate/hr | G73: Final Cost
A74: 1 | B74: Cnc Machining 3axis | C74: 2 | D74: 1500 | E74: 12 | F74: 400 | G74: =F74*E74+D74 -> 6300
A77: Post Processing Cost
A78: Sno | B78: Descriptions | C78: - | F78: Rate | G78: Final Cost
A79: 1 | B79: Tapping M5 | C79: Not required | F79: 0 | G79: =F79 -> 0
A80: 2 | B80: White Anodizing | C80: - | F80: 1000 | G80: =F80 -> 1000
A83: Inspection
A84: Sno | B84: Descriptions | C84: Total Setups | D84: Setup Cost | E84: Inspection Hours | F84: Rate/hr | G84: Final Cost
A85: 1 | B85: Manual Inspection | C85: - | D85: - | E85: - | F85: 500 | G85: 500
A87: Logistics and packaging
A88: Sno. | B88: Descriptions | C88: Comments | F88: Rate | G88: Final cost
A89: 1 | B89: Packaging | C89: Wooden box with foams and bubble wrap | F89: 500 | G89: 500
A90: 2 | B90: Logistics | C90: - | F90: 500 | G90: 500
A92: Any Other Cost
A93: Sno. | B93: Descriptions | C93: Comments | F93: Rate | G93: Final cost
A94: 1 | B94: Reamer dia 5 | C94: Considered in previous quote | F94: 0 | G94: 0
A96: Grand Total | G96: =G70+G74+G75+G79+G80+G81+G85+G89+G90+G94 -> 9025
A100: RBPR-2425-030-AS05-MP04.SLDDRW
A101: Raw Material cost (Mild steel)
A102: Sno | B102: Descriptions | C102: Usage | D102: Volume | E102: Weight in kg | F102: Rate per kg | G102: Final Cost
A103: 1 | B103: Raw Material | C103: dia100*120 | D103: - | E103: 8 | F103: 75 | G103: =E103*F103 -> 600
A105: Machining Cost
A106: Sno | B106: Descriptions | C106: Total setups | D106: setup cost | E106: Machining hours | F106: Machining Rate/hr | G106: Final Cost
A107: 1 | B107: Cnc Machining 3axis | C107: 2 | D107: 1500 | E107: 12 | F107: 400 | G107: =F107*E107+D107 -> 6300
A108: 2 | B108: Turning | C108: 1 | D108: 750 | E108: 8 | F108: 400 | G108: =F108*E108 -> 3200
A109: 3 | B109: Grinding | C109: 2 | D109: 500 | E109: 3 | F109: 500 | G109: 2000
A111: Post Processing Cost
A112: Sno | B112: Descriptions | C112: - | F112: Rate | G112: Final Cost
A113: 1 | B113: Tapping M4 | C113: - | F113: 1500 | G113: =F113 -> 1500
A114: 2 | B114: Electroless Nickel Plating | C114: - | F114: 1000 | G114: =F114 -> 1000
A115: 3 | B115: Sandblasting | C115: - | F115: 1000 | G115: 1000
A117: Inspection
A118: Sno | B118: Descriptions | C118: Total Setups | D118: Setup Cost | E118: Inspection Hours | F118: Rate/hr | G118: Final Cost
A119: 1 | B119: Manual Inspection | C119: - | D119: - | E119: - | F119: 500 | G119: 500
A121: Logistics and packaging
A122: Sno. | B122: Descriptions | C122: Comments | F122: Rate | G122: Final cost
A123: 1 | B123: Packaging | C123: Wooden box with foams and bubble wrap | F123: 500 | G123: 500
A124: 2 | B124: Logistics | C124: - | F124: 500 | G124: 500
A126: Any Other Cost
A127: Sno. | B127: Descriptions | C127: Comments | F127: Rate | G127: Final cost
A128: 1 | B128: Reamer dia 5 | C128: Considered in previous quote | F128: 0 | G128: 0
A130: Grand Total | G130: =G103+G107+G108+G113+G114+G115+G119+G123+G124+G128+G109 -> 17100
A134: RBPR-2425-030-AS05-MP07.SLDDRW_2QTY
A135: Raw Material cost (Mild steel)
A136: Sno | B136: Descriptions | C136: Usage | D136: Volume | E136: Weight in kg | F136: Rate per kg | G136: Final Cost
A137: 1 | B137: Raw Material | C137: 100*100*20 | D137: - | E137: 2 | F137: 75 | G137: =E137*F137 -> 150
A139: Machining Cost
A140: Sno | B140: Descriptions | C140: Total setups | D140: setup cost | E140: Machining hours | F140: Machining Rate/hr | G140: Final Cost
...

Sheet Final Quote
A1: Sno. | B1: Part Name | C1: Qty | D1: Material | E1: Surface Finish | F1: Cost
A2: 1 | B2: RBPR-2425-030-AS03-MP01.SLDDRW | C2: 1 | D2: Mild steel | E2: Electroless Nickel Plating Sand Blasting | F2: ='AS03-MP01'!G31 -> 64800
A3: 2 | B3: RBPR-2425-030-AS01-MP01.SLDDRW | C3: 1 | D3: Mild steel | E3: Electroless Nickel Plating Sand Blasting | F3: ='AS01'!G32 -> 21150
A4: 3 | B4: RBPR-2425-030-AS01-MP04.SLDDRW | C4: 1 | D4: Mild steel | E4: Electroless Nickel Plating Sand Blasting | F4: ='AS01'!G66 -> 16850
A5: 4 | B5: RBPR-2425-030-AS01-MP06.SLDDRW | C5: 1 | D5: Mild steel | E5: Electroless Nickel Plating Sand Blasting | F5: ='AS01'!G100 -> 13225
A6: 5 | B6: RBPR-2425-030-AS01-MP05.SLDDRW | C6: 1 | D6: Mild steel | E6: Electroless Nickel Plating Sand Blasting | F6: ='AS01'!G137 -> 28225
A7: 6 | B7: RBPR-2425-030-AS05-MP01.SLDDRW | C7: 1 | D7: Mild steel | E7: Electroless Nickel Plating Sand Blasting | F7: ='AS05'!G30 -> 11775
A8: 7 | B8: RBPR-2425-030-AS05-MP02.SLDDRW | C8: 1 | D8: Mild steel | E8: White Anodizing | F8: ='AS05'!G63 -> 8950
A9: 8 | B9: RBPR-2425-030-AS05-MP03.SLDDRW | C9: 1 | D9: Mild steel | E9: White Anodizing | F9: ='AS05'!G96 -> 9025
A10: 9 | B10: RBPR-2425-030-AS05-MP04.SLDDRW | C10: 1 | D10: Mild steel | E10: Electroless Nickel Plating Sand Blasting | F10: ='AS05'!G130 -> 17100
A11: 10 | B11: RBPR-2425-030-AS05-MP07.SLDDRW | C11: 2 | D11: Mild steel | E11: Electroless Nickel Plating Sand Blasting | F11: ='AS05'!G164 -> 13650
A12: 11 | B12: RBPR-2425-030-AS05-MP08.SLDDRW | C12: 1 | D12: Mild steel | E12: Powdercoating RAL 9005 (Jet black) | F12: ='AS05'!G198 -> 10150
A14: Grand Total | F14: =SUM(F2:F12) -> 214900
